{
  "n_customers": 5,
  "n_drones": 2,
  "payload_capacity": 26,
  "battery_limit": 250,
  "seed": 1,
  "depot": [
    50.0,
    50.0
  ],
  "customers": [
    [
      51.18216247002567,
      95.04636963259352
    ],
    [
      14.415961271963374,
      94.86494471372438
    ],
    [
      31.183145201048546,
      42.332644897257566
    ],
    [
      82.77025938204417,
      40.91991363691613
    ],
    [
      54.959368767305946,
      2.7559113243068367
    ]
  ],
  "demands": [
    9,
    8,
    9,
    6,
    9
  ],
  "coords": [
    [
      50.0,
      50.0
    ],
    [
      51.18216247002567,
      95.04636963259352
    ],
    [
      14.415961271963374,
      94.86494471372438
    ],
    [
      31.183145201048546,
      42.332644897257566
    ],
    [
      82.77025938204417,
      40.91991363691613
    ],
    [
      54.959368767305946,
      2.7559113243068367
    ]
  ],
  "dist": [
    [
      0.0,
      45.061878846557,
      57.26331352937896,
      20.319014710275024,
      34.00496828887678,
      47.50367620897238
    ],
    [
      45.061878846557,
      0.0,
      36.76664882114746,
      56.37993851715001,
      62.66961867743472,
      92.36772153823985
    ],
    [
      57.26331352937896,
      36.76664882114746,
      0.0,
      55.14327684241236,
      87.07684220273266,
      100.6371796269462
    ],
    [
      20.319014710275024,
      56.37993851715001,
      55.14327684241236,
      0.0,
      51.606454626693996,
      46.16954242113494
    ],
    [
      34.00496828887678,
      62.66961867743472,
      87.07684220273266,
      51.606454626693996,
      0.0,
      47.22220568018591
    ],
    [
      47.50367620897238,
      92.36772153823985,
      100.6371796269462,
      46.16954242113494,
      47.22220568018591,
      0.0
    ]
  ]
}