{
  "n_customers": 5,
  "n_drones": 2,
  "payload_capacity": 17,
  "battery_limit": 250,
  "seed": 2,
  "depot": [
    50.0,
    50.0
  ],
  "customers": [
    [
      26.16121342493164,
      29.84911434141233
    ],
    [
      81.42257405942803,
      9.19159421350969
    ],
    [
      60.0100525965654,
      72.85605268117946
    ],
    [
      18.790107336660345,
      5.514662733306819
    ],
    [
      27.49693679060381,
      65.74330148755926
    ]
  ],
  "demands": [
    4,
    6,
    3,
    2,
    8
  ],
  "coords": [
    [
      50.0,
      50.0
    ],
    [
      26.16121342493164,
      29.84911434141233
    ],
    [
      81.42257405942803,
      9.19159421350969
    ],
    [
      60.0100525965654,
      72.85605268117946
    ],
    [
      18.790107336660345,
      5.514662733306819
    ],
    [
      27.49693679060381,
      65.74330148755926
    ]
  ],
  "dist": [
    [
      0.0,
      31.21451486403615,
      51.50440897005901,
      24.951959785773475,
      54.34153689203705,
      27.463419225112265
    ],
    [
      31.21451486403615,
      0.0,
      58.99619578422469,
      54.729705449852915,
      25.42633949336355,
      35.91903155420845
    ],
    [
      51.50440897005901,
      58.99619578422469,
      0.0,
      67.16888675107846,
      62.74030373602529,
      78.1413459729137
    ],
    [
      24.951959785773475,
      54.729705449852915,
      67.16888675107846,
      0.0,
      78.95534616060532,
      33.282036129933736
    ],
    [
      54.34153689203705,
      25.42633949336355,
      62.74030373602529,
      78.95534616060532,
      0.0,
      60.854727058218714
    ],
    [
      27.463419225112265,
      35.91903155420845,
      78.1413459729137,
      33.282036129933736,
      60.854727058218714,
      0.0
    ]
  ]
}