{
  "n_customers": 8,
  "n_drones": 2,
  "payload_capacity": 29,
  "battery_limit": 310,
  "seed": 3,
  "depot": [
    50.0,
    50.0
  ],
  "customers": [
    [
      8.564916714362436,
      23.68105065960997
    ],
    [
      80.1274465206397,
      58.21620360643678
    ],
    [
      9.412864224039918,
      43.31269402364738
    ],
    [
      47.9051298140834,
      15.973891463707856
    ],
    [
      73.45771514092145,
      11.367201992140341
    ],
    [
      39.1228190495662,
      51.674018262136364
    ],
    [
      43.06280204141778,
      58.679857143814075
    ],
    [
      73.78377872921602,
      95.62672548360986
    ]
  ],
  "demands": [
    8,
    3,
    4,
    7,
    7,
    7,
    9,
    3
  ],
  "coords": [
    [
      50.0,
      50.0
    ],
    [
      8.564916714362436,
      23.68105065960997
    ],
    [
      80.1274465206397,
      58.21620360643678
    ],
    [
      9.412864224039918,
      43.31269402364738
    ],
    [
      47.9051298140834,
      15.973891463707856
    ],
    [
      73.45771514092145,
      11.367201992140341
    ],
    [
      39.1228190495662,
      51.674018262136364
    ],
    [
      43.06280204141778,
      58.679857143814075
    ],
    [
      73.78377872921602,
      95.62672548360986
    ]
  ],
  "dist": [
    [
      0.0,
      49.08720017753852,
      31.22769660984347,
      41.134360961580285,
      34.09053451061416,
      45.1968746878443,
      11.005244321251842,
      11.111464149857907,
      51.453534465544756
    ],
    [
      49.08720017753852,
      0.0,
      79.45987957035325,
      19.649947484711564,
      40.08806143482665,
      66.05078467842273,
      41.44142408658207,
      49.1428585590768,
      97.10653988477421
    ],
    [
      31.22769660984347,
      79.45987957035325,
      0.0,
      72.26802022517897,
      53.12899988802123,
      47.321393353682524,
      41.52324244469227,
      37.06754436125811,
      37.94455518477442
    ],
    [
      41.134360961580285,
      19.649947484711564,
      72.26802022517897,
      0.0,
      47.21297105315235,
      71.56994753456692,
      30.864107937148546,
      36.992810348434034,
      82.94801095762716
    ],
    [
      34.09053451061416,
      40.08806143482665,
      53.12899988802123,
      47.21297105315235,
      0.0,
      25.964518188728057,
      36.76449422728984,
      42.97961892488507,
      83.75128916664359
    ],
    [
      45.1968746878443,
      66.05078467842273,
      47.321393353682524,
      71.56994753456692,
      25.964518188728057,
      0.0,
      52.948319401350005,
      56.23466973164846,
      84.2601543819682
    ],
    [
      11.005244321251842,
      41.44142408658207,
      41.52324244469227,
      30.864107937148546,
      36.76449422728984,
      52.948319401350005,
      0.0,
      8.037738762370106,
      55.975196274875884
    ],
    [
      11.111464149857907,
      49.1428585590768,
      37.06754436125811,
      36.992810348434034,
      42.97961892488507,
      56.23466973164846,
      8.037738762370106,
      0.0,
      48.050488954540796
    ],
    [
      51.453534465544756,
      97.10653988477421,
      37.94455518477442,
      82.94801095762716,
      83.75128916664359,
      84.2601543819682,
      55.975196274875884,
      48.050488954540796,
      0.0
    ]
  ]
}