{
  "n_customers": 10,
  "n_drones": 3,
  "payload_capacity": 22,
  "battery_limit": 350,
  "seed": 4,
  "depot": [
    50.0,
    50.0
  ],
  "customers": [
    [
      94.30561055723676,
      51.13275528143616
    ],
    [
      97.62437057077041,
      8.083602389560218
    ],
    [
      60.73558319950296,
      37.648658437727256
    ],
    [
      80.19012069858073,
      17.452781614402845
    ],
    [
      87.16352741876564,
      54.394140076349814
    ],
    [
      90.22150797159884,
      47.71535238392063
    ],
    [
      43.049627772941314,
      78.89467175443295
    ],
    [
      98.41529999311214,
      36.97257926524288
    ],
    [
      96.89328693162349,
      92.90263877654195
    ],
    [
      17.769258576198112,
      60.88516168445476
    ]
  ],
  "demands": [
    4,
    8,
    5,
    10,
    3,
    7,
    1,
    2,
    6,
    5
  ],
  "coords": [
    [
      50.0,
      50.0
    ],
    [
      94.30561055723676,
      51.13275528143616
    ],
    [
      97.62437057077041,
      8.083602389560218
    ],
    [
      60.73558319950296,
      37.648658437727256
    ],
    [
      80.19012069858073,
      17.452781614402845
    ],
    [
      87.16352741876564,
      54.394140076349814
    ],
    [
      90.22150797159884,
      47.71535238392063
    ],
    [
      43.049627772941314,
      78.89467175443295
    ],
    [
      98.41529999311214,
      36.97257926524288
    ],
    [
      96.89328693162349,
      92.90263877654195
    ],
    [
      17.769258576198112,
      60.88516168445476
    ]
  ],
  "dist": [
    [
      0.0,
      44.320088688732916,
      63.443400451887385,
      16.36485212341915,
      44.39329693134568,
      37.422402878702606,
      40.28634158420253,
      29.718844693074693,
      50.13736096389023,
      63.55797961894329,
      34.01922159051704
    ],
    [
      44.320088688732916,
      0.0,
      43.17688887281645,
      36.1768932398778,
      36.51831978831829,
      7.851495547813007,
      5.325273372697583,
      58.29150690656094,
      14.744494975038013,
      41.84996100611409,
      77.15518521275855
    ],
    [
      63.443400451887385,
      43.17688887281645,
      0.0,
      47.274466394173494,
      19.792286071931372,
      47.477311847770025,
      40.3172169460852,
      89.40139873651876,
      28.899801976395153,
      84.82218705564931,
      95.73318951982091
    ],
    [
      16.36485212341915,
      36.1768932398778,
      47.274466394173494,
      0.0,
      28.041976926848704,
      31.286536896337772,
      31.15699097589534,
      44.877908082621104,
      37.685781678161604,
      66.03318773512244,
      48.84710978932521
    ],
    [
      44.39329693134568,
      36.51831978831829,
      19.792286071931372,
      28.041976926848704,
      0.0,
      37.59378095242857,
      31.881843111735904,
      71.79500037425308,
      26.705423805803132,
      77.27662458981922,
      76.04430068487015
    ],
    [
      37.422402878702606,
      7.851495547813007,
      47.477311847770025,
      31.286536896337772,
      37.59378095242857,
      0.0,
      7.345573503957983,
      50.460996764537015,
      20.739169876345414,
      39.71866931709504,
      69.6971872439012
    ],
    [
      40.28634158420253,
      5.325273372697583,
      40.3172169460852,
      31.15699097589534,
      31.881843111735904,
      7.345573503957983,
      0.0,
      56.544993039922666,
      13.510936383952092,
      45.6771659149318,
      73.63947527967441
    ],
    [
      29.718844693074693,
      58.29150690656094,
      89.40139873651876,
      44.877908082621104,
      71.79500037425308,
      50.460996764537015,
      56.544993039922666,
      0.0,
      69.44652258438576,
      55.63598450363607,
      31.03932215246152
    ],
    [
      50.13736096389023,
      14.744494975038013,
      28.899801976395153,
      37.685781678161604,
      26.705423805803132,
      20.739169876345414,
      13.510936383952092,
      69.44652258438576,
      0.0,
      55.950764790990995,
      84.11655957166944
    ],
    [
      63.55797961894329,
      41.84996100611409,
      84.82218705564931,
      66.03318773512244,
      77.27662458981922,
      39.71866931709504,
      45.6771659149318,
      55.63598450363607,
      55.950764790990995,
      0.0,
      85.35649185933363
    ],
    [
      34.01922159051704,
      77.15518521275855,
      95.73318951982091,
      48.84710978932521,
      76.04430068487015,
      69.6971872439012,
      73.63947527967441,
      31.03932215246152,
      84.11655957166944,
      85.35649185933363,
      0.0
    ]
  ]
}