{
  "n_customers": 10,
  "n_drones": 3,
  "payload_capacity": 24,
  "battery_limit": 350,
  "seed": 5,
  "depot": [
    50.0,
    50.0
  ],
  "customers": [
    [
      80.50029237453802,
      80.79407897364938
    ],
    [
      51.5325561042142,
      28.58013800881416
    ],
    [
      5.393070238165643,
      38.33688807855182
    ],
    [
      40.84732054199986,
      4.5275193902445166
    ],
    [
      4.875771072716805,
      99.91761150650714
    ],
    [
      65.23691115879878,
      23.451020166982396
    ],
    [
      43.4947552225142,
      97.41861932592553
    ],
    [
      89.76776081085488,
      84.4231037608741
    ],
    [
      39.24046643347781,
      49.30230187317426
    ],
    [
      67.6689351831066,
      6.0802712958056055
    ]
  ],
  "demands": [
    10,
    6,
    10,
    3,
    4,
    9,
    2,
    1,
    4,
    7
  ],
  "coords": [
    [
      50.0,
      50.0
    ],
    [
      80.50029237453802,
      80.79407897364938
    ],
    [
      51.5325561042142,
      28.58013800881416
    ],
    [
      5.393070238165643,
      38.33688807855182
    ],
    [
      40.84732054199986,
      4.5275193902445166
    ],
    [
      4.875771072716805,
      99.91761150650714
    ],
    [
      65.23691115879878,
      23.451020166982396
    ],
    [
      43.4947552225142,
      97.41861932592553
    ],
    [
      89.76776081085488,
      84.4231037608741
    ],
    [
      39.24046643347781,
      49.30230187317426
    ],
    [
      67.6689351831066,
      6.0802712958056055
    ]
  ],
  "dist": [
    [
      0.0,
      43.34216347585405,
      21.47461794617106,
      46.106467685883835,
      46.38445897135684,
      67.29014768000168,
      30.61064834065267,
      47.86275867929099,
      52.59681428034658,
      10.782130830466388,
      47.34061512015723
    ],
    [
      43.34216347585405,
      0.0,
      59.711183003741695,
      86.27692551166353,
      85.95898025128676,
      78.00498521674676,
      59.339676435264195,
      40.56827728452705,
      9.9526776359139,
      51.904771087373014,
      75.8076301245193
    ],
    [
      21.47461794617106,
      59.711183003741695,
      0.0,
      47.15979567286759,
      26.31924621698678,
      85.24019424256029,
      14.632744011207013,
      69.30615234638371,
      67.67841386250461,
      24.093641146468826,
      27.688025062847416
    ],
    [
      46.106467685883835,
      86.27692551166353,
      47.15979567286759,
      0.0,
      48.99058354121559,
      61.582896134697165,
      61.667449757669864,
      70.30212916998622,
      96.14066613642002,
      35.579299162430516,
      70.13396239276283
    ],
    [
      46.38445897135684,
      85.95898025128676,
      26.31924621698678,
      48.99058354121559,
      0.0,
      101.94715319796893,
      30.869904633837866,
      92.92881876817474,
      93.68305011058831,
      44.803606177625326,
      26.866522857196365
    ],
    [
      67.29014768000168,
      78.00498521674676,
      85.24019424256029,
      61.582896134697165,
      101.94715319796893,
      0.0,
      97.41974555282667,
      38.699753212144785,
      86.2944360430012,
      61.17876965513502,
      112.9089362132745
    ],
    [
      30.61064834065267,
      59.339676435264195,
      14.632744011207013,
      61.667449757669864,
      30.869904633837866,
      97.41974555282667,
      0.0,
      77.09686809524625,
      65.72181953074869,
      36.66202264209598,
      17.540172667345672
    ],
    [
      47.86275867929099,
      40.56827728452705,
      69.30615234638371,
      70.30212916998622,
      92.92881876817474,
      38.699753212144785,
      77.09686809524625,
      0.0,
      48.063234087815005,
      48.3040265227906,
      94.48325141335062
    ],
    [
      52.59681428034658,
      9.9526776359139,
      67.67841386250461,
      96.14066613642002,
      93.68305011058831,
      86.2944360430012,
      65.72181953074869,
      48.063234087815005,
      0.0,
      61.534366026905495,
      81.39998459935613
    ],
    [
      10.782130830466388,
      51.904771087373014,
      24.093641146468826,
      35.579299162430516,
      44.803606177625326,
      61.17876965513502,
      36.66202264209598,
      48.3040265227906,
      61.534366026905495,
      0.0,
      51.733178548003515
    ],
    [
      47.34061512015723,
      75.8076301245193,
      27.688025062847416,
      70.13396239276283,
      26.866522857196365,
      112.9089362132745,
      17.540172667345672,
      94.48325141335062,
      81.39998459935613,
      51.733178548003515,
      0.0
    ]
  ]
}