{
  "n_customers": 12,
  "n_drones": 3,
  "payload_capacity": 26,
  "battery_limit": 390,
  "seed": 6,
  "depot": [
    50.0,
    50.0
  ],
  "customers": [
    [
      53.81643514719432,
      34.32708698133384
    ],
    [
      36.90672397953782,
      37.449676558788234
    ],
    [
      98.74449901864666,
      63.27562726071461
    ],
    [
      67.43239305044936,
      32.99634553854583
    ],
    [
      67.99176611640223,
      12.297237488719004
    ],
    [
      5.1729231983775215,
      85.01913468087871
    ],
    [
      0.8895805535434675,
      97.87675621852966
    ],
    [
      82.70030258190536,
      78.52109593263714
    ],
    [
      4.808348700254649,
      20.743926620697472
    ],
    [
      84.98656310952119,
      43.24948116550308
    ],
    [
      62.74679337030739,
      12.228239881096382
    ],
    [
      18.633631867782952,
      49.72679127414737
    ]
  ],
  "demands": [
    9,
    8,
    2,
    6,
    1,
    2,
    5,
    9,
    3,
    2,
    10,
    5
  ],
  "coords": [
    [
      50.0,
      50.0
    ],
    [
      53.81643514719432,
      34.32708698133384
    ],
    [
      36.90672397953782,
      37.449676558788234
    ],
    [
      98.74449901864666,
      63.27562726071461
    ],
    [
      67.43239305044936,
      32.99634553854583
    ],
    [
      67.99176611640223,
      12.297237488719004
    ],
    [
      5.1729231983775215,
      85.01913468087871
    ],
    [
      0.8895805535434675,
      97.87675621852966
    ],
    [
      82.70030258190536,
      78.52109593263714
    ],
    [
      4.808348700254649,
      20.743926620697472
    ],
    [
      84.98656310952119,
      43.24948116550308
    ],
    [
      62.74679337030739,
      12.228239881096382
    ],
    [
      18.633631867782952,
      49.72679127414737
    ]
  ],
  "dist": [
    [
      0.0,
      16.130882794299115,
      18.136827049598267,
      50.519980836737005,
      24.3518498786003,
      41.775614285960835,
      56.88415076606209,
      68.58583734427549,
      43.39081356862138,
      53.834962401518496,
      35.63185516853433,
      39.86460339330256,
      31.367557967008576
    ],
    [
      16.130882794299115,
      0.0,
      17.195606922780993,
      53.44669220395433,
      13.680832665110959,
      26.196455423469928,
      70.25578235766515,
      82.70315832744511,
      52.79572165596221,
      50.85562685262541,
      32.42199863002786,
      23.83506536917398,
      38.405475376616
    ],
    [
      18.136827049598267,
      17.195606922780993,
      0.0,
      67.01410412327964,
      30.848802722353078,
      39.98656069011413,
      57.18292977845477,
      70.34675953285542,
      61.51352152652119,
      36.185463608522646,
      48.42838696716163,
      36.10858698712269,
      22.014391680415923
    ],
    [
      50.519980836737005,
      53.44669220395433,
      67.01410412327964,
      0.0,
      43.55781080098127,
      59.53592868766131,
      96.0646652855206,
      103.79221161998304,
      22.132341817514785,
      103.11617669391924,
      24.296652607023056,
      62.4633538182932,
      81.24851993885325
    ],
    [
      24.3518498786003,
      13.680832665110959,
      30.848802722353078,
      43.55781080098127,
      0.0,
      20.70666492425372,
      81.13329881379575,
      92.9376865700978,
      48.016788313099845,
      63.811383781529166,
      20.329182881945687,
      21.290116414936072,
      51.58708081947279
    ],
    [
      41.775614285960835,
      26.196455423469928,
      39.98656069011413,
      59.53592868766131,
      20.70666492425372,
      0.0,
      96.09724947565621,
      108.74997624523117,
      67.83760367345785,
      63.745515871121675,
      35.31096874151635,
      5.24542655816811,
      61.94511209999541
    ],
    [
      56.88415076606209,
      70.25578235766515,
      57.18292977845477,
      96.0646652855206,
      81.13329881379575,
      96.09724947565621,
      0.0,
      13.552322893825979,
      77.79922275737147,
      64.27624200079114,
      90.08285669682238,
      92.80767690405365,
      37.77221440452307
    ],
    [
      68.58583734427549,
      82.70315832744511,
      70.34675953285542,
      103.79221161998304,
      92.9376865700978,
      108.74997624523117,
      13.552322893825979,
      0.0,
      84.06923232612972,
      77.23231283313932,
      100.2818111859745,
      105.65028692938793,
      51.31540198797636
    ],
    [
      43.39081356862138,
      52.79572165596221,
      61.51352152652119,
      22.132341817514785,
      48.016788313099845,
      67.83760367345785,
      77.79922275737147,
      84.06923232612972,
      0.0,
      96.98122381781818,
      35.34563332975155,
      69.23066728934243,
      70.2399478726865
    ],
    [
      53.834962401518496,
      50.85562685262541,
      36.185463608522646,
      103.11617669391924,
      63.811383781529166,
      63.745515871121675,
      64.27624200079114,
      77.23231283313932,
      96.98122381781818,
      0.0,
      83.2769238818746,
      58.56091095117784,
      32.11144497188715
    ],
    [
      35.63185516853433,
      32.42199863002786,
      48.42838696716163,
      24.296652607023056,
      20.329182881945687,
      35.31096874151635,
      90.08285669682238,
      100.2818111859745,
      35.34563332975155,
      83.2769238818746,
      0.0,
      38.16968389807057,
      66.66833604204012
    ],
    [
      39.86460339330256,
      23.83506536917398,
      36.10858698712269,
      62.4633538182932,
      21.290116414936072,
      5.24542655816811,
      92.80767690405365,
      105.65028692938793,
      69.23066728934243,
      58.56091095117784,
      38.16968389807057,
      0.0,
      57.897429773048565
    ],
    [
      31.367557967008576,
      38.405475376616,
      22.014391680415923,
      81.24851993885325,
      51.58708081947279,
      61.94511209999541,
      37.77221440452307,
      51.31540198797636,
      70.2399478726865,
      32.11144497188715,
      66.66833604204012,
      57.897429773048565,
      0.0
    ]
  ]
}