{
  "n_customers": 15,
  "n_drones": 4,
  "payload_capacity": 24,
  "battery_limit": 450,
  "seed": 7,
  "depot": [
    50.0,
    50.0
  ],
  "customers": [
    [
      62.5095466604667,
      89.72138009695755
    ],
    [
      77.56856902451935,
      22.520718999059184
    ],
    [
      30.016628491122542,
      87.35534453962619
    ],
    [
      0.5265304565574724,
      82.12284183827663
    ],
    [
      79.70694287520462,
      46.79349528437208
    ],
    [
      30.30324268193135,
      27.84256121007733
    ],
    [
      25.48695876541246,
      44.50763058826466
    ],
    [
      50.45482589579533,
      55.34973520744925
    ],
    [
      99.55002834343927,
      79.26619192137531
    ],
    [
      62.21792294411627,
      98.8960147681885
    ],
    [
      21.530869823559897,
      16.021203385784453
    ],
    [
      61.25396042730308,
      4.394200796138337
    ],
    [
      3.568027877359614,
      51.48888202713703
    ],
    [
      46.620602532528906,
      91.71677731928523
    ],
    [
      62.92262544910104,
      51.41176465995139
    ]
  ],
  "demands": [
    3,
    5,
    4,
    3,
    10,
    1,
    1,
    2,
    10,
    7,
    9,
    3,
    8,
    4,
    5
  ],
  "coords": [
    [
      50.0,
      50.0
    ],
    [
      62.5095466604667,
      89.72138009695755
    ],
    [
      77.56856902451935,
      22.520718999059184
    ],
    [
      30.016628491122542,
      87.35534453962619
    ],
    [
      0.5265304565574724,
      82.12284183827663
    ],
    [
      79.70694287520462,
      46.79349528437208
    ],
    [
      30.30324268193135,
      27.84256121007733
    ],
    [
      25.48695876541246,
      44.50763058826466
    ],
    [
      50.45482589579533,
      55.34973520744925
    ],
    [
      99.55002834343927,
      79.26619192137531
    ],
    [
      62.21792294411627,
      98.8960147681885
    ],
    [
      21.530869823559897,
      16.021203385784453
    ],
    [
      61.25396042730308,
      4.394200796138337
    ],
    [
      3.568027877359614,
      51.48888202713703
    ],
    [
      46.620602532528906,
      91.71677731928523
    ],
    [
      62.92262544910104,
      51.41176465995139
    ]
  ],
  "dist": [
    [
      0.0,
      41.644649049516175,
      38.92475924637626,
      42.36457131302045,
      58.98729656826858,
      29.879493427466514,
      29.646489548950996,
      25.120814324451246,
      5.369034679093449,
      57.54750471058157,
      50.39938393749739,
      44.3288844023095,
      46.973828312393834,
      46.455837145491046,
      41.85343280007006,
      12.99951260443412
    ],
    [
      41.644649049516175,
      0.0,
      68.86728545946637,
      32.57894804038724,
      62.4470342082209,
      46.24449946803715,
      69.75839908421884,
      58.43761767117002,
      36.424253803264946,
      38.487767447508055,
      9.179268257464264,
      84.32655573757168,
      85.33641675289078,
      70.25543783308304,
      16.01374895443293,
      38.31184241219574
    ],
    [
      38.92475924637626,
      68.86728545946637,
      0.0,
      80.40345588018745,
      97.40579425089912,
      24.366787053736537,
      47.56398930693595,
      56.53245447009219,
      42.57815603876202,
      60.85419665862531,
      77.90268377217679,
      56.413362202091925,
      24.38723264007591,
      79.46845008740121,
      75.80152450343915,
      32.39129794549911
    ],
    [
      42.36457131302045,
      32.57894804038724,
      80.40345588018745,
      0.0,
      29.950708950004653,
      64.14351844570793,
      59.51347349402655,
      43.0864769815509,
      37.97471450684396,
      70.00234342579907,
      34.20687699531819,
      71.83709205083632,
      88.64717862243997,
      44.56379256286577,
      17.167237688666766,
      48.731361261153516
    ],
    [
      58.98729656826858,
      62.4470342082209,
      97.40579425089912,
      29.950708950004653,
      0.0,
      86.70467368436917,
      61.91123852765988,
      45.14340592760493,
      56.653631164590614,
      99.06469392523765,
      63.93095679864923,
      69.35855302951613,
      98.63854413518783,
      30.78457731188236,
      47.08191880710264,
      69.54453919447285
    ],
    [
      29.879493427466514,
      46.24449946803715,
      24.366787053736537,
      64.14351844570793,
      86.70467368436917,
      0.0,
      52.913736355270686,
      54.26814769526435,
      30.47778845976697,
      38.05553925223641,
      54.95942462136476,
      65.81329215593294,
      46.24081243147152,
      76.28355677151663,
      55.79253701042569,
      17.408093620084248
    ],
    [
      29.646489548950996,
      69.75839908421884,
      47.56398930693595,
      59.51347349402655,
      61.91123852765988,
      52.913736355270686,
      0.0,
      17.347078374882486,
      34.09884055722391,
      86.25257746863433,
      77.8918486028683,
      14.72070060752078,
      38.83004680728121,
      35.692018699282094,
      65.92550125755349,
      40.243402979527986
    ],
    [
      25.120814324451246,
      58.43761767117002,
      56.53245447009219,
      43.0864769815509,
      45.14340592760493,
      54.26814769526435,
      17.347078374882486,
      0.0,
      27.220316339341046,
      81.81378772106359,
      65.62971935945035,
      28.759818749047298,
      53.74351735390543,
      23.00385626211385,
      51.723635157888985,
      38.06699630036571
    ],
    [
      5.369034679093449,
      36.424253803264946,
      42.57815603876202,
      37.97471450684396,
      56.653631164590614,
      30.47778845976697,
      34.09884055722391,
      27.220316339341046,
      0.0,
      54.61076638469966,
      45.10708276701424,
      48.819347088181196,
      52.087309335114384,
      47.045488792247816,
      36.56860703887242,
      13.074924004917607
    ],
    [
      57.54750471058157,
      38.487767447508055,
      60.85419665862531,
      70.00234342579907,
      99.06469392523765,
      38.05553925223641,
      86.25257746863433,
      81.81378772106359,
      54.61076638469966,
      0.0,
      42.17838354588082,
      100.43364810170486,
      84.09758541655569,
      99.9205852586496,
      54.374085678963944,
      46.01560344976617
    ],
    [
      50.39938393749739,
      9.179268257464264,
      77.90268377217679,
      34.20687699531819,
      63.93095679864923,
      54.95942462136476,
      77.8918486028683,
      65.62971935945035,
      45.10708276701424,
      42.17838354588082,
      0.0,
      92.32372746647539,
      94.50673027748762,
      75.41383444746222,
      17.17026075426506,
      47.48947898179288
    ],
    [
      44.3288844023095,
      84.32655573757168,
      56.413362202091925,
      71.83709205083632,
      69.35855302951613,
      65.81329215593294,
      14.72070060752078,
      28.759818749047298,
      48.819347088181196,
      100.43364810170486,
      92.32372746647539,
      0.0,
      41.38974651206295,
      39.757010941347566,
      79.7453108372498,
      54.458876788500525
    ],
    [
      46.973828312393834,
      85.33641675289078,
      24.38723264007591,
      88.64717862243997,
      98.63854413518783,
      46.24081243147152,
      38.83004680728121,
      53.74351735390543,
      52.087309335114384,
      84.09758541655569,
      94.50673027748762,
      41.38974651206295,
      0.0,
      74.46862301940332,
      88.54020292453251,
      47.04716521367372
    ],
    [
      46.455837145491046,
      70.25543783308304,
      79.46845008740121,
      44.56379256286577,
      30.78457731188236,
      76.28355677151663,
      35.692018699282094,
      23.00385626211385,
      47.045488792247816,
      99.9205852586496,
      75.41383444746222,
      39.757010941347566,
      74.46862301940332,
      0.0,
      58.92204803021501,
      59.3546476696787
    ],
    [
      41.85343280007006,
      16.01374895443293,
      75.80152450343915,
      17.167237688666766,
      47.08191880710264,
      55.79253701042569,
