{
  "n_customers": 15,
  "n_drones": 4,
  "payload_capacity": 23,
  "battery_limit": 450,
  "seed": 8,
  "depot": [
    50.0,
    50.0
  ],
  "customers": [
    [
      32.697227660556074,
      98.72768433379255
    ],
    [
      31.871083848551674,
      78.85489358200289
    ],
    [
      86.98965116962161,
      39.1084806539194
    ],
    [
      43.78818731227988,
      37.274890308935305
    ],
    [
      10.695359647277435,
      47.8965454162717
    ],
    [
      24.135214508468227,
      25.714524855112973
    ],
    [
      18.47315568344149,
      19.38645489043107
    ],
    [
      81.3827670155021,
      42.29841881442263
    ],
    [
      25.592050515822606,
      59.09028517654116
    ],
    [
      60.427229605845575,
      64.68580270601879
    ],
    [
      91.13563804485241,
      15.020611196196842
    ],
    [
      37.13871284423962,
      28.462063751081256
    ],
    [
      1.6782052324450736,
      18.155393736272952
    ],
    [
      39.466858129860285,
      39.33107100863242
    ],
    [
      61.672794440700095,
      45.22665288271463
    ]
  ],
  "demands": [
    1,
    7,
    4,
    3,
    2,
    2,
    9,
    4,
    9,
    1,
    1,
    4,
    10,
    5,
    8
  ],
  "coords": [
    [
      50.0,
      50.0
    ],
    [
      32.697227660556074,
      98.72768433379255
    ],
    [
      31.871083848551674,
      78.85489358200289
    ],
    [
      86.98965116962161,
      39.1084806539194
    ],
    [
      43.78818731227988,
      37.274890308935305
    ],
    [
      10.695359647277435,
      47.8965454162717
    ],
    [
      24.135214508468227,
      25.714524855112973
    ],
    [
      18.47315568344149,
      19.38645489043107
    ],
    [
      81.3827670155021,
      42.29841881442263
    ],
    [
      25.592050515822606,
      59.09028517654116
    ],
    [
      60.427229605845575,
      64.68580270601879
    ],
    [
      91.13563804485241,
      15.020611196196842
    ],
    [
      37.13871284423962,
      28.462063751081256
    ],
    [
      1.6782052324450736,
      18.155393736272952
    ],
    [
      39.466858129860285,
      39.33107100863242
    ],
    [
      61.672794440700095,
      45.22665288271463
    ]
  ],
  "dist": [
    [
      0.0,
      51.70854040837314,
      34.07730160172539,
      38.559817003148986,
      14.160333100494116,
      39.360885082054175,
      35.479168980345044,
      43.94463626810591,
      32.31396630417451,
      26.04575363879877,
      18.011105417856264,
      53.99720695040383,
      25.085761004311088,
      57.87119143105231,
      14.99243554194361,
      12.611065488567395
    ],
    [
      51.70854040837314,
      0.0,
      19.889955401220234,
      80.63570361762793,
      62.445618576948185,
      55.38850855300255,
      73.51346493177711,
      80.6061716817904,
      74.52881153847517,
      40.26918119616187,
      43.90675019453296,
      102.08781465731467,
      70.40585363810612,
      86.33697796730436,
      59.78114728900343,
      60.84360144304259
    ],
    [
      34.07730160172539,
      19.889955401220234,
      0.0,
      67.95464519940518,
      43.254063706818506,
      37.50774075573018,
      53.70048847893903,
      60.95899998794837,
      61.544964192508985,
      20.73803281448776,
      31.87815234237565,
      87.10397804806102,
      50.66739793599467,
      67.7940941428434,
      40.247091046979506,
      44.933289738760934
    ],
    [
      38.559817003148986,
      80.63570361762793,
      67.95464519940518,
      0.0,
      43.240357687817784,
      76.79875650792619,
      64.26568493318439,
      71.29844636402282,
      6.45080269311899,
      64.56731276755792,
      36.87494600251726,
      24.4420674694648,
      50.97511397525342,
      87.84688189839319,
      47.52331432850616,
      26.045638138735242
    ],
    [
      14.160333100494116,
      62.445618576948185,
      43.254063706818506,
      43.240357687817784,
      0.0,
      34.755644147170635,
      22.800907645383095,
      30.99753132252768,
      37.92872607546121,
      28.407936347875573,
      32.06580494682229,
      52.31667066720751,
      11.039991967385527,
      46.24722413243909,
      4.785578854500063,
      19.57267738884225
    ],
    [
      39.360885082054175,
      55.38850855300255,
      37.50774075573018,
      76.79875650792619,
      34.755644147170635,
      0.0,
      25.935915924939728,
      29.55197747988782,
      70.90873417211502,
      18.63360428509832,
      52.48940893091918,
      86.89916823262497,
      32.816916459257925,
      31.078049761747007,
      30.019434984043098,
      51.047303398498954
    ],
    [
      35.479168980345044,
      73.51346493177711,
      53.70048847893903,
      64.26568493318439,
      22.800907645383095,
      25.935915924939728,
      0.0,
      8.491370891438693,
      59.60123997786646,
      33.40754028936798,
      53.252895293690536,
      67.84848224830985,
      13.290595884055312,
      23.695099259028346,
      20.505356014570854,
      42.30594576810941
    ],
    [
      43.94463626810591,
      80.6061716817904,
      60.95899998794837,
      71.29844636402282,
      30.99753132252768,
      29.55197747988782,
      8.491370891438693,
      0.0,
      66.95205216276212,
      40.33699050527611,
      61.74281521929607,
      72.79352261077106,
      20.754992178137154,
      16.840008082441702,
      28.957266005463765,
      50.338103073497464
    ],
    [
      32.31396630417451,
      74.52881153847517,
      61.544964192508985,
      6.45080269311899,
      37.92872607546121,
      70.90873417211502,
      59.60123997786646,
      66.95205216276212,
      0.0,
      58.26294554406648,
      30.664792607112364,
      28.96890197732868,
      46.35710356513294,
      83.28086712416794,
      42.02081116197014,
      19.926303562330695
    ],
    [
      26.04575363879877,
      40.26918119616187,
      20.73803281448776,
      64.56731276755792,
      28.407936347875573,
      18.63360428509832,
      33.40754028936798,
      40.33699050527611,
      58.26294554406648,
      0.0,
      35.281716492493175,
      78.98163097144442,
      32.7324511549851,
      47.40819901097131,
      24.144084800626494,
      38.652559844737496
    ],
    [
      18.011105417856264,
      43.90675019453296,
      31.87815234237565,
      36.87494600251726,
      32.06580494682229,
      52.48940893091918,
      53.252895293690536,
      61.74281521929607,
      30.664792607112364,
      35.281716492493175,
      0.0,
      58.39210217627172,
      43.06407176325829,
      74.94349086957592,
      32.89680215245468,
      19.498972885863104
    ],
    [
      53.99720695040383,
      102.08781465731467,
      87.10397804806102,
      24.4420674694648,
      52.31667066720751,
      86.89916823262497,
      67.84848224830985,
      72.79352261077106,
      28.96890197732868,
      78.98163097144442,
      58.39210217627172,
      0.0,
      55.644771343817936,
      89.51234075232274,
      57.10220025704736,
      42.19554606365925
    ],
    [
      25.085761004311088,
      70.40585363810612,
      50.66739793599467,
      50.97511397525342,
      11.039991967385527,
      32.816916459257925,
      13.290595884055312,
      20.754992178137154,
      46.35710356513294,
      32.7324511549851,
      43.06407176325829,
      55.644771343817936,
      0.0,
      36.92797106368407,
      11.1155557322006,
      29.714855014525316
    ],
    [
      57.87119143105231,
      86.33697796730436,
      67.7940941428434,
      87.84688189839319,
      46.24722413243909,
      31.078049761747007,
      23.695099259028346,
      16.840008082441702,
      83.28086712416794,
      47.40819901097131,
      74.94349086957592,
      89.51234075232274,
      36.92797106368407,
      0.0,
      43.31733597238464,
      65.81947892562712
    ],
    [
      14.99243554194361,
      59.78114728900343,
      40.247091046979506,
      47.52331432850616,
      4.785578854500063,
