{
  "n_customers": 20,
  "n_drones": 4,
  "payload_capacity": 30,
  "battery_limit": 550,
  "seed": 9,
  "depot": [
    50.0,
    50.0
  ],
  "customers": [
    [
      87.02492039700846,
      28.681720908755537
    ],
    [
      60.314815005156184,
      77.75340829201788
    ],
    [
      71.60746296035653,
      91.53801204905075
    ],
    [
      86.03936491828847,
      91.82376290487623
    ],
    [
      2.6587734467597213,
      43.72480001295087
    ],
    [
      48.494432697728804,
      6.5154197370107525
    ],
    [
      0.5626050679392924,
      83.0621436971257
    ],
    [
      98.33022442861756,
      78.46098526726796
    ],
    [
      31.560348997827315,
      70.53337045894537
    ],
    [
      29.91810731982467,
      74.07484828757487
    ],
    [
      27.974721974828697,
      78.25909153281316
    ],
    [
      98.77407468945766,
      98.62385492802385
    ],
    [
      88.28625669966758,
      91.2810051783918
    ],
    [
      70.82069141031725,
      55.449687726350874
    ],
    [
      92.32382080702205,
      8.973077985431255
    ],
    [
      37.013154514000746,
      60.59389435092629
    ],
    [
      47.77298969186856,
      79.28578804972283
    ],
    [
      19.508639347904655,
      6.225349741666342
    ],
    [
      12.651840723991825,
      96.27815849171627
    ],
    [
      13.277453722943044,
      22.609832736317138
    ]
  ],
  "demands": [
    1,
    4,
    2,
    7,
    6,
    8,
    7,
    1,
    1,
    10,
    8,
    8,
    9,
    4,
    6,
    2,
    1,
    6,
    3,
    6
  ],
  "coords": [
    [
      50.0,
      50.0
    ],
    [
      87.02492039700846,
      28.681720908755537
    ],
    [
      60.314815005156184,
      77.75340829201788
    ],
    [
      71.60746296035653,
      91.53801204905075
    ],
    [
      86.03936491828847,
      91.82376290487623
    ],
    [
      2.6587734467597213,
      43.72480001295087
    ],
    [
      48.494432697728804,
      6.5154197370107525
    ],
    [
      0.5626050679392924,
      83.0621436971257
    ],
    [
      98.33022442861756,
      78.46098526726796
    ],
    [
      31.560348997827315,
      70.53337045894537
    ],
    [
      29.91810731982467,
      74.07484828757487
    ],
    [
      27.974721974828697,
      78.25909153281316
    ],
    [
      98.77407468945766,
      98.62385492802385
    ],
    [
      88.28625669966758,
      91.2810051783918
    ],
    [
      70.82069141031725,
      55.449687726350874
    ],
    [
      92.32382080702205,
      8.973077985431255
    ],
    [
      37.013154514000746,
      60.59389435092629
    ],
    [
      47.77298969186856,
      79.28578804972283
    ],
    [
      19.508639347904655,
      6.225349741666342
    ],
    [
      12.651840723991825,
      96.27815849171627
    ],
    [
      13.277453722943044,
      22.609832736317138
    ]
  ],
  "dist": [
    [
      0.0,
      42.723690779437625,
      29.60822656651428,
      46.82188484640772,
      55.2092652300034,
      47.75531244210097,
      43.51063609682146,
      59.47403940811428,
      56.08777296081727,
      27.59782657178312,
      31.350928753193674,
      35.82860765290784,
      68.8708184202446,
      56.30238752141201,
      21.522088354023595,
      58.945009438411475,
      16.75973607178249,
      29.370341445169,
      53.34738118835431,
      59.46892427722639,
      45.812298215687825
    ],
    [
      42.723690779437625,
      0.0,
      55.87002982534093,
      64.7194818406678,
      63.149733071815156,
      85.69679679058046,
      44.45158478593125,
      102.14187365965674,
      51.046890789956855,
      69.48294215537197,
      72.95014813598479,
      77.10279898741662,
      70.92210330889142,
      62.611990547650976,
      31.290590991558606,
      20.408550939112324,
      59.3259095213884,
      64.04284249850744,
      71.15291148432121,
      100.501907215515,
      73.99700444491646
    ],
    [
      29.60822656651428,
      55.87002982534093,
      0.0,
      17.81962958589474,
      29.32110753646285,
      66.94897541855086,
      72.2119965882198,
      59.98757591353968,
      38.021993882610886,
      29.647061602756345,
      30.61848529587608,
      32.34404632618278,
      43.757173106256644,
      31.070845305361157,
      24.654196196831837,
      75.86376137199527,
      28.938146110965555,
      12.635092793915131,
      82.3492995219327,
      51.1363421383282,
      72.47984051762752
    ],
    [
      46.82188484640772,
      64.7194818406678,
      17.81962958589474,
      0.0,
      14.434730606248417,
      83.90485701585708,
      88.1081912842416,
      71.54866998954576,
      29.750875784437685,
      45.2213036638329,
      45.19916439806017,
      45.60861558945542,
      28.075504664123656,
      16.680773756934876,
      36.09689961606568,
      85.12423755524001,
      46.41448693023529,
      26.799237095782686,
      99.96268189567135,
      59.14587374935681,
      90.29664379701552
    ],
    [
      55.2092652300034,
      63.149733071815156,
      29.32110753646285,
      14.434730606248417,
      0.0,
      96.25919834187684,
      93.2048032533341,
      85.92463235682705,
      18.155689292748175,
      58.491400959146205,
      58.8610187180394,
      59.62803929011536,
      14.436553760478569,
      2.311516521006831,
      39.429447985423785,
      83.08868982863181,
      58.12808268386703,
      40.26805540919033,
      108.41321774110992,
      73.52258392774655,
      100.42342281647997
    ],
    [
      47.75531244210097,
      85.69679679058046,
      66.94897541855086,
      83.90485701585708,
      96.25919834187684,
      0.0,
      59.03766288980678,
      39.39315333911791,
      101.7822631846839,
      39.420813267764,
      40.79456720539186,
      42.819557922223694,
      110.68901193678968,
      97.94722322743266,
      69.1629962650736,
      96.16393763774482,
      38.2725729772212,
      57.44455046009047,
      41.11115118231437,
      53.49501734745872,
      23.63468243706943
    ],
    [
      43.51063609682146,
      44.45158478593125,
      72.2119965882198,
      88.1081912842416,
      93.2048032533341,
      59.03766288980678,
      0.0,
      90.31534226784444,
      87.5201150417037,
      66.21979466436996,
      70.06679848990207,
      74.62045946585505,
      104.93810667318847,
      93.64076960716064,
      53.78684236645602,
      43.89823853073247,
      55.283823721772876,
      72.77394440580002,
      28.987244724549264,
      96.65423254126694,
      38.72035301882906
    ],
    [
      59.47403940811428,
      102.14187365965674,
      59.98757591353968,
      71.54866998954576,
      85.92463235682705,
      39.39315333911791,
      90.31534226784444,
      0.0,
      97.87582977605412,
      33.433969067352045,
      30.700439593578807,
      27.82972266139351,
      99.43671163937536,
      88.10782450868403,
      75.48937952606987,
      117.93773938797652,
      42.81897690980906,
      47.36117902158907,
      79.13813947959189,
      17.911244116431682,
      61.774989087995365
    ],
    [
      56.08777296081727,
      51.046890789956855,
      38.021993882610886,
      29.750875784437685,
      18.155689292748175,
      101.7822631846839,
      87.5201150417037,
      97.87582977605412,
      0.0,
      67.23885291698826,
      68.55257810550835,
      70.35579213259632,
      20.16775436211672,
      16.28601234992164,
      35.86494418511719,
      69.74701529724874,
      63.86717467312003,
      50.563962303766154,
      106.91505653753181,
      87.51135409732314,
      101.75129013308664
    ],
    [
      27.59782657178312,
      69.48294215537197,
      29.647061602756345,
      45.2213036638329,
      58.491400959146205,
      39.420813267764,
      66.21979466436996,
      33.433969067352045,
      67.23885291698826,
      0.0,
      3.903719116386735,
      8.517246459934267,
      72.84751360930082,
      60.40110057812919,
      42.058197430745,
